applicant_id,job_req_id,resume_highlights,jd_match_points
A1000,JR003,Generalist professional seeking opportunity to grow Good communicator and reliable team player,Old professional again child Event single president manager scientist middle
A1011,JR003,"Experienced software engineer with 8+ years in full-stack development Proficient in Python, JavaScript, and cloud infrastructure",Event single president manager scientist middle Left modern some way nature thousand large
A1037,JR003,Generalist professional seeking opportunity to grow Good communicator and reliable team player,Old professional again child Event single president manager scientist middle
A1055,JR003,Generalist professional seeking opportunity to grow Good communicator and reliable team player,Old professional again child Event single president manager scientist middle
A1071,JR003,Enterprise account executive with 10+ years of consultative sales experience Exceeded quota 7 years in a row and closed $5M+ in annual recurring revenue,Event single president manager scientist middle Left modern some way nature thousand large
A1074,JR003,Enterprise account executive with 10+ years of consultative sales experience Exceeded quota 7 years in a row and closed $5M+ in annual recurring revenue,Event single president manager scientist middle Left modern some way nature thousand large
A1091,JR003,Generalist professional seeking opportunity to grow Good communicator and reliable team player,Old professional again child Event single president manager scientist middle
A1095,JR003,Generalist professional seeking opportunity to grow Good communicator and reliable team player,Old professional again child Event single president manager scientist middle
A1102,JR003,Enterprise account executive with 10+ years of consultative sales experience Exceeded quota 7 years in a row and closed $5M+ in annual recurring revenue,Event single president manager scientist middle Left modern some way nature thousand large
A1107,JR003,"Product manager with deep experience in agile software development, customer discovery, and roadmap execution Launched 3 SaaS products with 10k+ users",Event single president manager scientist middle Left modern some way nature thousand large
A1166,JR003,"HR business partner with strong focus on talent development, DEI strategy, and workforce planning Successfully launched engagement programs across global orgs",Event single president manager scientist middle Left modern some way nature thousand large
A1190,JR003,Generalist professional seeking opportunity to grow Good communicator and reliable team player,Old professional again child Event single president manager scientist middle
A1001,JR019,Enterprise account executive with 10+ years of consultative sales experience Exceeded quota 7 years in a row and closed $5M+ in annual recurring revenue,Notice myself much method smile opportunity Seem whether behavior resource
A1007,JR019,Generalist professional seeking opportunity to grow Good communicator and reliable team player,Notice myself much method smile opportunity Seem whether behavior resource
A1008,JR019,"HR business partner with strong focus on talent development, DEI strategy, and workforce planning Successfully launched engagement programs across global orgs",Notice myself much method smile opportunity Seem whether behavior resource
A1058,JR019,Generalist professional seeking opportunity to grow Good communicator and reliable team player,Notice myself much method smile opportunity Seem whether behavior resource
A1087,JR019,Generalist professional seeking opportunity to grow Good communicator and reliable team player,Notice myself much method smile opportunity Seem whether behavior resource
A1093,JR019,Generalist professional seeking opportunity to grow Good communicator and reliable team player,Notice myself much method smile opportunity Seem whether behavior resource
A1096,JR019,"HR business partner with strong focus on talent development, DEI strategy, and workforce planning Successfully launched engagement programs across global orgs",Notice myself much method smile opportunity Seem whether behavior resource
A1161,JR019,Generalist professional seeking opportunity to grow Good communicator and reliable team player,Notice myself much method smile opportunity Seem whether behavior resource
A1178,JR019,Generalist professional seeking opportunity to grow Good communicator and reliable team player,Notice myself much method smile opportunity Seem whether behavior resource
A1191,JR019,"Experienced software engineer with 8+ years in full-stack development Proficient in Python, JavaScript, and cloud infrastructure",Notice myself much method smile opportunity Seem whether behavior resource
A1002,JR011,Good communicator and reliable team player Generalist professional seeking opportunity to grow,Media like land team feeling Cup time find despite bill travel
A1021,JR011,"Product manager with deep experience in agile software development, customer discovery, and roadmap execution Launched 3 SaaS products with 10k+ users",Cup time find despite bill travel Office weight kid
A1050,JR011,Good communicator and reliable team player Generalist professional seeking opportunity to grow,Media like land team feeling Cup time find despite bill travel
A1066,JR011,"Experienced software engineer with 8+ years in full-stack development Proficient in Python, JavaScript, and cloud infrastructure",Cup time find despite bill travel Office weight kid
A1086,JR011,Enterprise account executive with 10+ years of consultative sales experience Exceeded quota 7 years in a row and closed $5M+ in annual recurring revenue,Cup time find despite bill travel Office weight kid
A1097,JR011,Good communicator and reliable team player Generalist professional seeking opportunity to grow,Media like land team feeling Cup time find despite bill travel
A1099,JR011,Good communicator and reliable team player Generalist professional seeking opportunity to grow,Media like land team feeling Cup time find despite bill travel
A1118,JR011,Good communicator and reliable team player Generalist professional seeking opportunity to grow,Media like land team feeling Cup time find despite bill travel
A1142,JR011,Good communicator and reliable team player Generalist professional seeking opportunity to grow,Media like land team feeling Cup time find despite bill travel
A1159,JR011,"HR business partner with strong focus on talent development, DEI strategy, and workforce planning Successfully launched engagement programs across global orgs",On door meeting read whom power allow face Cup time find despite bill travel
A1167,JR011,Good communicator and reliable team player Generalist professional seeking opportunity to grow,Media like land team feeling Cup time find despite bill travel
A1179,JR011,Good communicator and reliable team player Generalist professional seeking opportunity to grow,Media like land team feeling Cup time find despite bill travel
A1003,JR016,Generalist professional seeking opportunity to grow Good communicator and reliable team player,Management control great enjoy sound education Food military develop throughout
A1038,JR016,Generalist professional seeking opportunity to grow Good communicator and reliable team player,Management control great enjoy sound education Food military develop throughout
A1076,JR016,Generalist professional seeking opportunity to grow Good communicator and reliable team player,Management control great enjoy sound education Food military develop throughout
A1082,JR016,Generalist professional seeking opportunity to grow Good communicator and reliable team player,Management control great enjoy sound education Food military develop throughout
A1004,JR015,"HR business partner with strong focus on talent development, DEI strategy, and workforce planning Successfully launched engagement programs across global orgs",Available enter drop learn Boy respond politics along performance citizen
A1016,JR015,"HR business partner with strong focus on talent development, DEI strategy, and workforce planning Successfully launched engagement programs across global orgs",Available enter drop learn Boy respond politics along performance citizen
A1063,JR015,"Product manager with deep experience in agile software development, customer discovery, and roadmap execution Launched 3 SaaS products with 10k+ users",Available enter drop learn Boy respond politics along performance citizen
A1080,JR015,Generalist professional seeking opportunity to grow Good communicator and reliable team player,Available enter drop learn Boy respond politics along performance citizen
A1109,JR015,Generalist professional seeking opportunity to grow Good communicator and reliable team player,Available enter drop learn Boy respond politics along performance citizen
A1126,JR015,Generalist professional seeking opportunity to grow Good communicator and reliable team player,Available enter drop learn Boy respond politics along performance citizen
A1148,JR015,"Experienced software engineer with 8+ years in full-stack development Proficient in Python, JavaScript, and cloud infrastructure",Available enter drop learn Boy respond politics along performance citizen
A1180,JR015,Generalist professional seeking opportunity to grow Good communicator and reliable team player,Available enter drop learn Boy respond politics along performance citizen
A1005,JR005,Good communicator and reliable team player Generalist professional seeking opportunity to grow,Spend send may protect player actually approach realize Movement use someone set ball smile way speak
A1010,JR005,Marketing strategist with a proven track record in demand generation and digital campaign execution Deep experience with B2B marketing and lead nurturing automation,Movement use someone set ball smile way speak Tend thought onto no buy key
A1029,JR005,Good communicator and reliable team player Generalist professional seeking opportunity to grow,Spend send may protect player actually approach realize Movement use someone set ball smile way speak
A1040,JR005,Good communicator and reliable team player Generalist professional seeking opportunity to grow,Spend send may protect player actually approach realize Movement use someone set ball smile way speak
A1069,JR005,Good communicator and reliable team player Generalist professional seeking opportunity to grow,Spend send may protect player actually approach realize Movement use someone set ball smile way speak
A1106,JR005,Enterprise account executive with 10+ years of consultative sales experience Exceeded quota 7 years in a row and closed $5M+ in annual recurring revenue,Movement use someone set ball smile way speak Tend thought onto no buy key
A1114,JR005,Good communicator and reliable team player Generalist professional seeking opportunity to grow,Spend send may protect player actually approach realize Movement use someone set ball smile way speak
A1116,JR005,Good communicator and reliable team player Generalist professional seeking opportunity to grow,Spend send may protect player actually approach realize Movement use someone set ball smile way speak
A1124,JR005,Good communicator and reliable team player Generalist professional seeking opportunity to grow,Spend send may protect player actually approach realize Movement use someone set ball smile way speak
A1129,JR005,"Product manager with deep experience in agile software development, customer discovery, and roadmap execution Launched 3 SaaS products with 10k+ users",Movement use someone set ball smile way speak Tend thought onto no buy key
A1131,JR005,Marketing strategist with a proven track record in demand generation and digital campaign execution Deep experience with B2B marketing and lead nurturing automation,Movement use someone set ball smile way speak Tend thought onto no buy key
A1138,JR005,Good communicator and reliable team player Generalist professional seeking opportunity to grow,Spend send may protect player actually approach realize Movement use someone set ball smile way speak
A1187,JR005,"HR business partner with strong focus on talent development, DEI strategy, and workforce planning Successfully launched engagement programs across global orgs",Movement use someone set ball smile way speak Tend thought onto no buy key
A1006,JR018,Generalist professional seeking opportunity to grow Good communicator and reliable team player,Above him something hope country human Mean score hour available
A1017,JR018,"Product manager with deep experience in agile software development, customer discovery, and roadmap execution Launched 3 SaaS products with 10k+ users",Above him something hope country human Mean score hour available
A1020,JR018,Generalist professional seeking opportunity to grow Good communicator and reliable team player,Above him something hope country human Mean score hour available
A1039,JR018,Generalist professional seeking opportunity to grow Good communicator and reliable team player,Above him something hope country human Mean score hour available
A1041,JR018,"Product manager with deep experience in agile software development, customer discovery, and roadmap execution Launched 3 SaaS products with 10k+ users",Above him something hope country human Mean score hour available
A1044,JR018,Generalist professional seeking opportunity to grow Good communicator and reliable team player,Above him something hope country human Mean score hour available
A1051,JR018,Generalist professional seeking opportunity to grow Good communicator and reliable team player,Above him something hope country human Mean score hour available
A1072,JR018,"HR business partner with strong focus on talent development, DEI strategy, and workforce planning Successfully launched engagement programs across global orgs",Religious later partner me pick likely Above him something hope country human
A1073,JR018,"Product manager with deep experience in agile software development, customer discovery, and roadmap execution Launched 3 SaaS products with 10k+ users",Above him something hope country human Mean score hour available
A1081,JR018,"Experienced software engineer with 8+ years in full-stack development Proficient in Python, JavaScript, and cloud infrastructure",Above him something hope country human Mean score hour available
A1085,JR018,Generalist professional seeking opportunity to grow Good communicator and reliable team player,Above him something hope country human Mean score hour available
A1112,JR018,Generalist professional seeking opportunity to grow Good communicator and reliable team player,Above him something hope country human Mean score hour available
A1136,JR018,Generalist professional seeking opportunity to grow Good communicator and reliable team player,Above him something hope country human Mean score hour available
A1154,JR018,Enterprise account executive with 10+ years of consultative sales experience Exceeded quota 7 years in a row and closed $5M+ in annual recurring revenue,Above him something hope country human Mean score hour available
A1164,JR018,"HR business partner with strong focus on talent development, DEI strategy, and workforce planning Successfully launched engagement programs across global orgs",Religious later partner me pick likely Above him something hope country human
A1198,JR018,"HR business partner with strong focus on talent development, DEI strategy, and workforce planning Successfully launched engagement programs across global orgs",Religious later partner me pick likely Above him something hope country human
A1009,JR008,"Experienced software engineer with 8+ years in full-stack development Proficient in Python, JavaScript, and cloud infrastructure",Old method necessary listen movie spend Despite practice pick open instead view discover
A1036,JR008,Generalist professional seeking opportunity to grow Good communicator and reliable team player,Follow statement opportunity region science democratic themselves To buy laugh perform easy
A1049,JR008,Generalist professional seeking opportunity to grow Good communicator and reliable team player,Follow statement opportunity region science democratic themselves To buy laugh perform easy
A1052,JR008,"HR business partner with strong focus on talent development, DEI strategy, and workforce planning Successfully launched engagement programs across global orgs",Old method necessary listen movie spend Despite practice pick open instead view discover
A1059,JR008,Enterprise account executive with 10+ years of consultative sales experience Exceeded quota 7 years in a row and closed $5M+ in annual recurring revenue,Old method necessary listen movie spend Despite practice pick open instead view discover
A1075,JR008,Marketing strategist with a proven track record in demand generation and digital campaign execution Deep experience with B2B marketing and lead nurturing automation,Old method necessary listen movie spend Despite practice pick open instead view discover
A1092,JR008,Generalist professional seeking opportunity to grow Good communicator and reliable team player,Follow statement opportunity region science democratic themselves To buy laugh perform easy
A1139,JR008,"Experienced software engineer with 8+ years in full-stack development Proficient in Python, JavaScript, and cloud infrastructure",Old method necessary listen movie spend Despite practice pick open instead view discover
A1144,JR008,Marketing strategist with a proven track record in demand generation and digital campaign execution Deep experience with B2B marketing and lead nurturing automation,Old method necessary listen movie spend Despite practice pick open instead view discover
A1147,JR008,Generalist professional seeking opportunity to grow Good communicator and reliable team player,Follow statement opportunity region science democratic themselves To buy laugh perform easy
A1149,JR008,Generalist professional seeking opportunity to grow Good communicator and reliable team player,Follow statement opportunity region science democratic themselves To buy laugh perform easy
A1185,JR008,"Experienced software engineer with 8+ years in full-stack development Proficient in Python, JavaScript, and cloud infrastructure",Old method necessary listen movie spend Despite practice pick open instead view discover
A1186,JR008,Generalist professional seeking opportunity to grow Good communicator and reliable team player,Follow statement opportunity region science democratic themselves To buy laugh perform easy
A1188,JR008,Generalist professional seeking opportunity to grow Good communicator and reliable team player,Follow statement opportunity region science democratic themselves To buy laugh perform easy
A1193,JR008,Generalist professional seeking opportunity to grow Good communicator and reliable team player,Follow statement opportunity region science democratic themselves To buy laugh perform easy
A1196,JR008,"HR business partner with strong focus on talent development, DEI strategy, and workforce planning Successfully launched engagement programs across global orgs",Old method necessary listen movie spend Despite practice pick open instead view discover
A1012,JR004,"HR business partner with strong focus on talent development, DEI strategy, and workforce planning Successfully launched engagement programs across global orgs",Police hotel they music would Way wrong create argue find value
A1019,JR004,Generalist professional seeking opportunity to grow Good communicator and reliable team player,Police hotel they music would Way wrong create argue find value
A1026,JR004,Generalist professional seeking opportunity to grow Good communicator and reliable team player,Police hotel they music would Way wrong create argue find value
A1061,JR004,Generalist professional seeking opportunity to grow Good communicator and reliable team player,Police hotel they music would Way wrong create argue find value
A1065,JR004,Generalist professional seeking opportunity to grow Good communicator and reliable team player,Police hotel they music would Way wrong create argue find value
A1067,JR004,Generalist professional seeking opportunity to grow Good communicator and reliable team player,Police hotel they music would Way wrong create argue find value
A1104,JR004,Generalist professional seeking opportunity to grow Good communicator and reliable team player,Police hotel they music would Way wrong create argue find value
A1113,JR004,Marketing strategist with a proven track record in demand generation and digital campaign execution Deep experience with B2B marketing and lead nurturing automation,Police hotel they music would Way wrong create argue find value
A1115,JR004,Generalist professional seeking opportunity to grow Good communicator and reliable team player,Police hotel they music would Way wrong create argue find value
A1128,JR004,Generalist professional seeking opportunity to grow Good communicator and reliable team player,Police hotel they music would Way wrong create argue find value
A1135,JR004,"Product manager with deep experience in agile software development, customer discovery, and roadmap execution Launched 3 SaaS products with 10k+ users",Police hotel they music would Way wrong create argue find value
A1145,JR004,Generalist professional seeking opportunity to grow Good communicator and reliable team player,Police hotel they music would Way wrong create argue find value
A1168,JR004,Generalist professional seeking opportunity to grow Good communicator and reliable team player,Police hotel they music would Way wrong create argue find value
A1195,JR004,Generalist professional seeking opportunity to grow Good communicator and reliable team player,Police hotel they music would Way wrong create argue find value
A1199,JR004,Generalist professional seeking opportunity to grow Good communicator and reliable team player,Police hotel they music would Way wrong create argue find value
A1013,JR006,Good communicator and reliable team player Generalist professional seeking opportunity to grow,And security pretty but course send at Wife personal per when word and pick
A1025,JR006,Good communicator and reliable team player Generalist professional seeking opportunity to grow,And security pretty but course send at Wife personal per when word and pick
A1030,JR006,Good communicator and reliable team player Generalist professional seeking opportunity to grow,And security pretty but course send at Wife personal per when word and pick
A1078,JR006,Good communicator and reliable team player Generalist professional seeking opportunity to grow,And security pretty but course send at Wife personal per when word and pick
A1090,JR006,Good communicator and reliable team player Generalist professional seeking opportunity to grow,And security pretty but course send at Wife personal per when word and pick
A1140,JR006,Good communicator and reliable team player Generalist professional seeking opportunity to grow,And security pretty but course send at Wife personal per when word and pick
A1174,JR006,"Product manager with deep experience in agile software development, customer discovery, and roadmap execution Launched 3 SaaS products with 10k+ users",And security pretty but course send at Wife personal per when word and pick
A1182,JR006,"Product manager with deep experience in agile software development, customer discovery, and roadmap execution Launched 3 SaaS products with 10k+ users",And security pretty but course send at Wife personal per when word and pick
A1014,JR014,"Proficient in Python, JavaScript, and cloud infrastructure Experienced software engineer with 8+ years in full-stack development",Play and movement start example theory On shake role which
A1022,JR014,Good communicator and reliable team player Generalist professional seeking opportunity to grow,Play and movement start example theory On shake role which
A1043,JR014,Exceeded quota 7 years in a row and closed $5M+ in annual recurring revenue Enterprise account executive with 10+ years of consultative sales experience,Play and movement start example theory On shake role which
A1060,JR014,Good communicator and reliable team player Generalist professional seeking opportunity to grow,Play and movement start example theory On shake role which
A1122,JR014,Good communicator and reliable team player Generalist professional seeking opportunity to grow,Play and movement start example theory On shake role which
A1127,JR014,Good communicator and reliable team player Generalist professional seeking opportunity to grow,Play and movement start example theory On shake role which
A1137,JR014,Good communicator and reliable team player Generalist professional seeking opportunity to grow,Play and movement start example theory On shake role which
A1143,JR014,Good communicator and reliable team player Generalist professional seeking opportunity to grow,Play and movement start example theory On shake role which
A1170,JR014,"Proficient in Python, JavaScript, and cloud infrastructure Experienced software engineer with 8+ years in full-stack development",Play and movement start example theory On shake role which
A1015,JR013,Generalist professional seeking opportunity to grow Good communicator and reliable team player,Wonder last painting more coach talk identify Analysis just situation radio growth ground couple note
A1046,JR013,Generalist professional seeking opportunity to grow Good communicator and reliable team player,Wonder last painting more coach talk identify Analysis just situation radio growth ground couple note
A1077,JR013,Generalist professional seeking opportunity to grow Good communicator and reliable team player,Wonder last painting more coach talk identify Analysis just situation radio growth ground couple note
A1079,JR013,Generalist professional seeking opportunity to grow Good communicator and reliable team player,Wonder last painting more coach talk identify Analysis just situation radio growth ground couple note
A1100,JR013,Generalist professional seeking opportunity to grow Good communicator and reliable team player,Wonder last painting more coach talk identify Analysis just situation radio growth ground couple note
A1173,JR013,"Product manager with deep experience in agile software development, customer discovery, and roadmap execution Launched 3 SaaS products with 10k+ users",Wonder last painting more coach talk identify Analysis just situation radio growth ground couple note
A1192,JR013,Marketing strategist with a proven track record in demand generation and digital campaign execution Deep experience with B2B marketing and lead nurturing automation,Wonder last painting more coach talk identify Analysis just situation radio growth ground couple note
A1018,JR001,Generalist professional seeking opportunity to grow Good communicator and reliable team player,Heavy return by drop beyond indeed have industry Song miss wife them real produce
A1023,JR001,Generalist professional seeking opportunity to grow Good communicator and reliable team player,Heavy return by drop beyond indeed have industry Song miss wife them real produce
A1033,JR001,"HR business partner with strong focus on talent development, DEI strategy, and workforce planning Successfully launched engagement programs across global orgs",Heavy return by drop beyond indeed have industry Song miss wife them real produce
A1141,JR001,Generalist professional seeking opportunity to grow Good communicator and reliable team player,Heavy return by drop beyond indeed have industry Song miss wife them real produce
A1155,JR001,Enterprise account executive with 10+ years of consultative sales experience Exceeded quota 7 years in a row and closed $5M+ in annual recurring revenue,Heavy return by drop beyond indeed have industry Song miss wife them real produce
A1163,JR001,"HR business partner with strong focus on talent development, DEI strategy, and workforce planning Successfully launched engagement programs across global orgs",Heavy return by drop beyond indeed have industry Song miss wife them real produce
A1176,JR001,Generalist professional seeking opportunity to grow Good communicator and reliable team player,Heavy return by drop beyond indeed have industry Song miss wife them real produce
A1194,JR001,Generalist professional seeking opportunity to grow Good communicator and reliable team player,Heavy return by drop beyond indeed have industry Song miss wife them real produce
A1024,JR009,Generalist professional seeking opportunity to grow Good communicator and reliable team player,Discover two worker stuff than address society Our phone interview discover join
A1056,JR009,Generalist professional seeking opportunity to grow Good communicator and reliable team player,Discover two worker stuff than address society Our phone interview discover join
A1070,JR009,Generalist professional seeking opportunity to grow Good communicator and reliable team player,Discover two worker stuff than address society Our phone interview discover join
A1119,JR009,Enterprise account executive with 10+ years of consultative sales experience Exceeded quota 7 years in a row and closed $5M+ in annual recurring revenue,Discover two worker stuff than address society Our phone interview discover join
A1120,JR009,"Product manager with deep experience in agile software development, customer discovery, and roadmap execution Launched 3 SaaS products with 10k+ users",Discover two worker stuff than address society Our phone interview discover join
A1125,JR009,Generalist professional seeking opportunity to grow Good communicator and reliable team player,Discover two worker stuff than address society Our phone interview discover join
A1151,JR009,Marketing strategist with a proven track record in demand generation and digital campaign execution Deep experience with B2B marketing and lead nurturing automation,Someone campaign floor able add possible lot Discover two worker stuff than address society
A1152,JR009,Generalist professional seeking opportunity to grow Good communicator and reliable team player,Discover two worker stuff than address society Our phone interview discover join
A1156,JR009,Generalist professional seeking opportunity to grow Good communicator and reliable team player,Discover two worker stuff than address society Our phone interview discover join
A1157,JR009,Generalist professional seeking opportunity to grow Good communicator and reliable team player,Discover two worker stuff than address society Our phone interview discover join
A1027,JR010,Generalist professional seeking opportunity to grow Good communicator and reliable team player,Food discuss since anything Way character yeah beautiful
A1035,JR010,Enterprise account executive with 10+ years of consultative sales experience Exceeded quota 7 years in a row and closed $5M+ in annual recurring revenue,Food discuss since anything Way character yeah beautiful
A1083,JR010,Generalist professional seeking opportunity to grow Good communicator and reliable team player,Food discuss since anything Way character yeah beautiful
A1101,JR010,"Experienced software engineer with 8+ years in full-stack development Proficient in Python, JavaScript, and cloud infrastructure",Food discuss since anything Way character yeah beautiful
A1110,JR010,Enterprise account executive with 10+ years of consultative sales experience Exceeded quota 7 years in a row and closed $5M+ in annual recurring revenue,Food discuss since anything Way character yeah beautiful
A1169,JR010,"Experienced software engineer with 8+ years in full-stack development Proficient in Python, JavaScript, and cloud infrastructure",Food discuss since anything Way character yeah beautiful
A1171,JR010,Generalist professional seeking opportunity to grow Good communicator and reliable team player,Food discuss since anything Way character yeah beautiful
A1175,JR010,Enterprise account executive with 10+ years of consultative sales experience Exceeded quota 7 years in a row and closed $5M+ in annual recurring revenue,Food discuss since anything Way character yeah beautiful
A1183,JR010,Generalist professional seeking opportunity to grow Good communicator and reliable team player,Food discuss since anything Way character yeah beautiful
A1028,JR017,Generalist professional seeking opportunity to grow Good communicator and reliable team player,Whole successful degree fear figure increase education true Them future production then owner create rule
A1031,JR017,Generalist professional seeking opportunity to grow Good communicator and reliable team player,Whole successful degree fear figure increase education true Them future production then owner create rule
A1042,JR017,Enterprise account executive with 10+ years of consultative sales experience Exceeded quota 7 years in a row and closed $5M+ in annual recurring revenue,Whole successful degree fear figure increase education true Them future production then owner create rule
A1048,JR017,Enterprise account executive with 10+ years of consultative sales experience Exceeded quota 7 years in a row and closed $5M+ in annual recurring revenue,Whole successful degree fear figure increase education true Them future production then owner create rule
A1088,JR017,Generalist professional seeking opportunity to grow Good communicator and reliable team player,Whole successful degree fear figure increase education true Them future production then owner create rule
A1089,JR017,Enterprise account executive with 10+ years of consultative sales experience Exceeded quota 7 years in a row and closed $5M+ in annual recurring revenue,Whole successful degree fear figure increase education true Them future production then owner create rule
A1111,JR017,"Experienced software engineer with 8+ years in full-stack development Proficient in Python, JavaScript, and cloud infrastructure",Whole successful degree fear figure increase education true Them future production then owner create rule
A1153,JR017,Generalist professional seeking opportunity to grow Good communicator and reliable team player,Whole successful degree fear figure increase education true Them future production then owner create rule
A1160,JR017,"HR business partner with strong focus on talent development, DEI strategy, and workforce planning Successfully launched engagement programs across global orgs",Most feeling spring goal employee skin beyond business Whole successful degree fear figure increase education true
A1181,JR017,Generalist professional seeking opportunity to grow Good communicator and reliable team player,Whole successful degree fear figure increase education true Them future production then owner create rule
A1197,JR017,"Product manager with deep experience in agile software development, customer discovery, and roadmap execution Launched 3 SaaS products with 10k+ users",Whole successful degree fear figure increase education true Them future production then owner create rule
A1032,JR020,Generalist professional seeking opportunity to grow Good communicator and reliable team player,Traditional station property art air that For wrong sort politics future middle shake
A1094,JR020,Marketing strategist with a proven track record in demand generation and digital campaign execution Deep experience with B2B marketing and lead nurturing automation,Traditional station property art air that For wrong sort politics future middle shake
A1103,JR020,Generalist professional seeking opportunity to grow Good communicator and reliable team player,Traditional station property art air that For wrong sort politics future middle shake
A1117,JR020,Enterprise account executive with 10+ years of consultative sales experience Exceeded quota 7 years in a row and closed $5M+ in annual recurring revenue,Traditional station property art air that For wrong sort politics future middle shake
A1158,JR020,"HR business partner with strong focus on talent development, DEI strategy, and workforce planning Successfully launched engagement programs across global orgs",Focus owner federal fall continue memory decide miss Traditional station property art air that
A1184,JR020,"HR business partner with strong focus on talent development, DEI strategy, and workforce planning Successfully launched engagement programs across global orgs",Focus owner federal fall continue memory decide miss Traditional station property art air that
A1189,JR020,"Experienced software engineer with 8+ years in full-stack development Proficient in Python, JavaScript, and cloud infrastructure",Traditional station property art air that For wrong sort politics future middle shake
A1034,JR012,Generalist professional seeking opportunity to grow Good communicator and reliable team player,Thought three heart speak left Cut set once sister according
A1047,JR012,Generalist professional seeking opportunity to grow Good communicator and reliable team player,Thought three heart speak left Cut set once sister according
A1062,JR012,Generalist professional seeking opportunity to grow Good communicator and reliable team player,Thought three heart speak left Cut set once sister according
A1108,JR012,Enterprise account executive with 10+ years of consultative sales experience Exceeded quota 7 years in a row and closed $5M+ in annual recurring revenue,Thought three heart speak left Cut set once sister according
A1130,JR012,Generalist professional seeking opportunity to grow Good communicator and reliable team player,Thought three heart speak left Cut set once sister according
A1045,JR007,Generalist professional seeking opportunity to grow Good communicator and reliable team player,Long paper foot because baby My religious town like partner
A1057,JR007,Marketing strategist with a proven track record in demand generation and digital campaign execution Deep experience with B2B marketing and lead nurturing automation,Long paper foot because baby My religious town like partner
A1068,JR007,Generalist professional seeking opportunity to grow Good communicator and reliable team player,Long paper foot because baby My religious town like partner
A1098,JR007,Generalist professional seeking opportunity to grow Good communicator and reliable team player,Long paper foot because baby My religious town like partner
A1105,JR007,"Product manager with deep experience in agile software development, customer discovery, and roadmap execution Launched 3 SaaS products with 10k+ users",Long paper foot because baby My religious town like partner
A1134,JR007,Generalist professional seeking opportunity to grow Good communicator and reliable team player,Long paper foot because baby My religious town like partner
A1150,JR007,Generalist professional seeking opportunity to grow Good communicator and reliable team player,Long paper foot because baby My religious town like partner
A1165,JR007,Generalist professional seeking opportunity to grow Good communicator and reliable team player,Long paper foot because baby My religious town like partner
A1172,JR007,Generalist professional seeking opportunity to grow Good communicator and reliable team player,Long paper foot because baby My religious town like partner
A1177,JR007,"Experienced software engineer with 8+ years in full-stack development Proficient in Python, JavaScript, and cloud infrastructure",Long paper foot because baby My religious town like partner
A1053,JR002,Generalist professional seeking opportunity to grow Good communicator and reliable team player,Management stuff recent Green necessary eye take carry local drug
A1054,JR002,"Product manager with deep experience in agile software development, customer discovery, and roadmap execution Launched 3 SaaS products with 10k+ users",Argue in member well Management stuff recent
A1064,JR002,Exceeded quota 7 years in a row and closed $5M+ in annual recurring revenue Enterprise account executive with 10+ years of consultative sales experience,Argue in member well Management stuff recent
A1084,JR002,Generalist professional seeking opportunity to grow Good communicator and reliable team player,Management stuff recent Green necessary eye take carry local drug
A1121,JR002,Generalist professional seeking opportunity to grow Good communicator and reliable team player,Management stuff recent Green necessary eye take carry local drug
A1123,JR002,Generalist professional seeking opportunity to grow Good communicator and reliable team player,Management stuff recent Green necessary eye take carry local drug
A1132,JR002,Generalist professional seeking opportunity to grow Good communicator and reliable team player,Management stuff recent Green necessary eye take carry local drug
A1133,JR002,Generalist professional seeking opportunity to grow Good communicator and reliable team player,Management stuff recent Green necessary eye take carry local drug
A1146,JR002,Marketing strategist with a proven track record in demand generation and digital campaign execution Deep experience with B2B marketing and lead nurturing automation,Argue in member well Management stuff recent
A1162,JR002,Generalist professional seeking opportunity to grow Good communicator and reliable team player,Management stuff recent Green necessary eye take carry local drug
